Q1,Q2,Q3,Q4,Q5,Q6,Q7,Q8,
199,178,74,85,91,110,126,93,
2,0,2,3,0,0,1,1, 
7,2,4,3,2,0,3,2, 
7,2,5,17,2,0,3,3, 
20,2,5,21,2,0,3,3, 
37,2,5,21,2,0,3,3, 
45,3,6,23,2,1,5,4, 
47,9,7,24,3,3,7,6, 
49,13,9,25,4,3,9,11, 
52,17,11,26,6,3,11,13, 
55,20,12,29,7,4,15,14, 
56,21,14,30,11,6,19,16, 
56,24,15,31,13,8,24,18, 
64,24,16,30,14,8,25,20, 
68,31,16,30,13,8,28,21, 
71,39,17,30,13,9,29,23, 
74,44,19,30,16,9,31,25, 
77,48,19,31,17,10,33,30, 
78,52,22,31,18,12,34,34, 
80,55,24,34,18,13,37,37, 
80,60,25,36,21,15,39,39, 
84,62,26,37,23,15,44,40, 
88,65,26,38,23,17,47,44, 
92,70,26,38,24,19,51,45, 
96,72,28,39,27,19,54,46, 
97,73,34,41,28,20,53,47, 
100,74,34,42,30,21,57,48, 
101,76,35,42,29,25,63,50, 
104,77,35,43,30,28,65,56, 
108,83,36,43,32,29,67,57, 
111,89,37,44,32,31,69,58, 
113,93,41,45,33,33,72,58, 
115,95,42,48,35,34,78,58, 
117,97,42,49,37,37,81,61, 
122,98,44,49,38,40,85,62, 
129,102,45,51,38,41,86,63, 
133,106,47,52,39,42,89,63, 
135,107,49,54,40,45,91,63, 
136,108,49,56,42,49,92,66, 
138,110,50,59,42,52,95,66, 
142,113,50,60,43,56,97,68, 
146,115,52,61,43,59,100,70, 
150,118,52,61,47,61,102,71, 
152,122,54,61,49,64,105,72, 
157,124,57,63,50,67,106,72, 
161,127,57,66,52,68,109,72, 
163,132,57,67,53,73,109,75, 
166,133,58,69,55,77,111,77, 
171,134,59,70,56,82,111,79, 
173,139,60,72,57,84,111,79, 
175,146,62,72,59,85,112,78, 
178,147,64,74,59,89,112,80, 
179,148,66,74,66,92,115,80, 
180,150,66,76,71,94,118,82, 
182,154,67,77,73,96,118,86, 
188,160,67,77,76,97,119,86, 
190,168,68,77,78,99,120,87, 
192,169,72,81,78,101,122,88, 
193,172,72,83,84,105,123,88, 
194,176,73,84,87,108,125,90, 
199,178,74,85,89,109,126,93, 
198,177,74,85,91,110,125,93, 
198,177,74,84,91,109,125,92, 
198,177,73,83,90,109,125,92, 
198,177,73,82,89,109,125,92, 
198,177,73,81,89,109,125,92, 
198,177,73,80,89,109,125,92, 
198,177,73,79,89,109,125,92, 
198,177,73,78,89,109,125,92, 
198,177,73,77,89,109,125,92, 
198,177,73,76,89,109,125,92, 
198,177,73,75,89,109,125,92, 
198,177,73,74,89,109,125,92, 
197,176,73,73,89,109,124,92, 
197,176,73,72,89,108,124,91, 
197,176,72,71,89,108,124,90, 
197,176,72,70,88,108,124,90, 
197,176,72,69,88,108,124,90, 
197,176,72,68,88,108,124,90, 
197,176,72,68,88,108,124,90, 
197,176,72,68,88,108,124,90, 
197,176,72,68,88,108,124,90, 
197,176,72,68,88,108,124,90, 
197,176,72,68,88,108,124,90, 
197,176,72,68,88,108,124,90, 
196,175,72,68,88,108,123,90, 
196,174,72,68,88,107,123,90, 
196,174,71,68,88,107,123,89, 
196,174,71,68,87,107,123,89, 
196,174,71,68,87,107,123,89, 
196,174,71,67,87,107,123,89, 
196,174,71,67,87,107,123,89, 
196,174,71,67,87,107,123,89, 
196,174,71,67,87,107,123,89, 
196,174,71,67,87,107,123,89, 
196,174,71,67,87,107,123,89, 
196,174,71,67,87,107,123,89, 
195,174,71,67,87,107,122,89, 
195,173,71,67,87,106,122,89, 
195,173,70,67,87,106,122,88, 
195,173,70,67,86,106,122,88, 
195,173,70,67,86,106,122,88, 
195,173,70,66,86,106,122,88, 
195,173,70,66,86,106,122,88, 
195,173,70,66,86,106,122,88, 
195,173,70,66,86,106,122,88, 
195,173,70,66,86,106,122,88, 
195,173,70,66,86,106,122,88, 
195,173,70,66,86,106,122,88, 
194,173,70,66,86,106,121,88, 
193,172,70,66,86,105,121,88, 
192,172,69,66,86,105,121,87, 
191,172,69,66,85,105,121,87, 
190,172,69,66,85,105,121,87, 
189,172,69,65,85,105,121,87, 
188,172,69,64,85,105,121,87, 
187,172,69,64,85,105,121,87, 
186,172,69,64,85,105,121,87, 
185,172,69,64,85,105,121,87, 
184,172,69,64,85,105,121,87, 
183,172,69,64,85,105,121,87, 
182,172,69,64,85,105,120,87, 
181,171,69,64,85,104,119,87, 
180,171,68,64,85,104,119,86, 
179,171,68,64,84,104,119,86, 
178,171,68,64,84,104,119,86, 
177,171,68,64,84,104,119,86, 
176,171,68,63,84,104,119,86, 
175,171,68,63,84,104,119,86, 
174,171,68,63,84,104,119,86, 
173,171,68,63,84,104,119,86, 
172,171,68,63,84,104,119,86, 
171,171,68,63,84,104,119,86, 
170,171,68,63,84,104,119,86, 
169,170,68,63,84,103,118,86, 
168,170,67,63,84,103,118,85, 
167,170,67,63,83,103,118,85, 
166,170,67,63,83,103,118,85, 
165,170,67,63,83,103,118,85, 
164,170,67,62,83,103,118,85, 
163,170,67,62,83,103,118,85, 
162,170,67,62,83,103,118,85, 
161,170,67,62,83,103,118,85, 
160,170,67,62,83,103,118,85, 
159,170,67,62,83,103,118,85, 
159,170,67,62,83,103,118,85, 
159,169,67,62,83,102,117,85, 
159,169,66,62,83,102,117,84, 
159,169,66,62,82,102,117,84, 
159,169,66,62,82,102,117,84, 
159,169,66,62,82,102,117,84, 
159,169,66,61,82,102,117,84, 
159,169,66,60,82,102,117,84, 
159,169,66,60,82,102,117,84, 
159,169,66,60,82,102,117,84, 
159,169,66,60,82,102,117,84, 
158,169,66,60,82,102,117,84, 
158,169,66,60,82,102,117,84, 
158,168,66,60,82,101,116,84, 
158,168,65,60,82,101,116,83, 
158,168,65,60,81,101,116,83, 
158,168,65,60,81,101,116,83, 
158,168,65,60,81,101,116,83, 
158,168,65,60,81,101,116,83, 
158,168,65,59,81,101,116,83, 
158,168,65,59,81,101,116,83, 
158,168,65,59,81,101,116,83, 
158,168,65,59,81,101,116,83, 
157,168,65,59,81,101,116,83, 
157,168,65,59,81,101,116,83, 
157,167,65,59,81,100,115,83, 
157,167,64,59,81,100,115,82, 
157,167,64,59,80,100,115,82, 
157,167,64,59,80,100,115,82, 
157,167,64,59,80,100,115,82, 
157,167,64,59,80,100,115,82, 
157,167,64,58,80,100,115,82, 
157,167,64,58,80,100,115,82, 
157,167,64,58,80,100,115,82, 
157,167,64,58,80,100,115,82, 
156,167,64,58,80,100,115,82, 
156,167,64,58,80,100,115,82, 
156,166,64,58,80,99,114,82, 
156,166,63,58,80,99,114,81, 
156,166,63,58,79,99,114,81, 
156,166,63,58,79,99,114,81, 
156,166,63,58,79,99,114,81, 
156,166,63,58,79,99,114,81, 
156,166,63,57,79,99,114,81, 
156,166,63,57,79,99,114,81, 
156,166,63,57,79,99,114,81, 
156,166,63,57,79,99,114,81, 
155,166,63,57,79,99,114,81, 
155,166,63,57,79,99,114,81, 
155,165,63,57,79,98,113,81, 
155,165,62,57,79,98,113,80, 
155,165,62,57,78,98,113,80, 
155,165,62,57,78,98,113,80, 
155,165,62,57,78,98,113,80, 
155,165,62,57,78,98,113,80, 
155,165,62,56,78,98,113,80, 
155,165,62,56,78,98,113,80, 
155,165,62,56,78,98,113,80, 
155,165,62,56,78,98,113,80, 
154,165,62,56,78,98,113,80, 
153,165,62,56,78,98,113,80, 
153,164,62,56,78,97,112,80, 
153,164,61,56,78,97,112,79, 
153,164,61,56,77,97,112,78, 
153,164,61,56,77,97,112,78, 
153,164,61,56,77,97,112,78, 
153,164,61,56,77,97,112,78, 
153,164,61,55,77,97,112,78, 
153,164,61,55,77,97,112,78, 
153,164,61,55,77,97,112,78, 
153,164,61,55,77,97,112,78, 
153,164,61,55,77,97,112,78, 
152,164,61,55,77,97,112,78, 
152,163,61,55,77,96,111,78, 
152,163,60,55,77,95,111,78, 
152,163,60,55,76,95,111,77, 
152,163,60,55,76,95,111,77, 
152,163,60,55,76,95,111,77, 
152,163,60,55,76,95,111,77, 
152,163,60,54,76,95,111,77, 
152,163,60,53,76,95,111,77, 
152,163,60,53,76,95,111,77, 
152,163,60,53,76,95,111,77, 
152,163,60,53,76,95,111,77, 
151,163,60,53,76,95,111,77, 
151,162,60,53,76,95,110,77, 
151,162,59,53,76,94,110,77, 
151,162,59,53,75,93,110,76, 
151,162,59,53,75,93,110,76, 
151,162,59,53,75,93,110,76, 
151,162,59,53,75,93,110,76, 
151,162,59,53,75,93,110,76, 
151,162,59,52,75,93,110,76, 
151,162,59,52,75,93,110,76, 
151,162,59,52,75,93,110,76, 
151,162,59,52,75,93,110,76, 
150,162,59,52,75,93,110,76, 
150,161,59,52,75,93,109,76, 
150,161,58,52,75,93,109,76, 
150,161,58,52,74,92,109,75, 
150,161,58,52,74,92,109,75, 
150,161,58,52,74,92,109,75, 
150,161,58,52,74,92,109,75, 
150,161,58,52,74,92,109,75, 
150,161,58,51,74,92,109,75, 
150,161,58,50,74,92,109,75, 
150,161,58,50,74,92,109,75, 
150,161,58,50,74,92,109,75, 
149,161,58,50,74,92,109,75, 
149,160,58,50,74,92,108,75, 
149,159,57,50,74,92,108,75, 
149,159,57,50,73,91,108,74, 
149,159,57,50,73,91,108,74, 
149,159,57,50,73,91,108,74, 
149,159,57,50,73,91,108,74, 
149,159,57,50,73,91,108,74, 
149,159,57,50,73,91,108,74, 
149,159,57,49,73,91,108,74, 
149,159,57,49,73,91,108,74, 
149,159,57,49,73,91,108,74, 
148,159,57,49,73,91,108,74, 
148,159,57,49,73,91,107,74, 
148,158,56,49,73,91,107,74, 
148,158,56,49,72,90,107,73, 
148,158,56,49,72,90,107,73, 
148,158,56,49,72,90,107,73, 
148,158,56,49,72,90,107,73, 
148,158,56,49,72,90,107,73, 
148,158,56,49,72,90,107,73, 
148,158,56,48,72,90,107,73, 
148,158,56,48,72,90,107,73, 
148,158,56,48,72,90,107,73, 
147,158,56,48,72,90,107,73, 
147,158,56,48,72,90,106,73, 
147,157,55,48,72,90,106,73, 
147,157,55,48,71,89,106,72, 
147,157,55,48,71,89,106,72, 
147,157,55,48,71,89,106,72, 
147,157,55,48,71,89,106,72, 
147,157,55,48,71,89,106,72, 
147,157,55,48,71,89,106,72, 
147,157,55,47,71,89,106,72, 
147,157,55,47,71,89,106,72, 
147,157,55,47,71,89,106,72, 
146,157,55,47,71,89,106,72, 
146,157,55,47,71,89,105,72, 
146,156,54,47,71,89,105,72, 
146,156,54,47,70,88,105,71, 
146,156,54,47,69,88,105,71, 
146,156,54,47,69,88,105,71, 
146,156,54,47,69,88,105,71, 
146,156,54,47,69,88,105,71, 
146,156,54,47,69,88,105,71, 
146,156,54,46,69,88,105,71, 
146,156,54,46,69,88,105,71, 
146,156,54,46,69,88,105,71, 
145,156,54,46,69,88,105,71, 
144,156,54,46,69,88,104,71, 
144,155,53,46,69,88,104,71, 
144,155,53,46,69,87,104,70, 
144,155,53,46,68,87,104,70, 
144,155,53,46,68,87,104,70, 
144,155,53,46,68,87,104,70, 
144,155,53,46,68,87,104,70, 
144,155,53,46,68,87,104,70, 
144,155,53,45,68,87,104,70, 
144,155,53,45,68,87,104,70, 
144,155,53,45,68,87,104,70, 
144,155,53,45,68,87,104,70, 
143,155,53,45,68,87,103,70, 
143,154,52,45,68,87,103,70, 
143,154,52,45,68,86,103,69, 
143,154,52,45,67,86,103,69, 
143,154,52,45,67,86,103,69, 
143,154,52,45,67,86,103,69, 
143,154,52,45,67,86,103,69, 
143,154,52,45,67,86,103,69, 
143,154,52,44,67,86,103,69, 
143,154,52,44,67,86,103,69, 
143,154,52,44,67,86,103,69, 
143,154,52,44,67,86,103,69, 
142,154,52,44,67,86,102,69, 
142,153,51,44,67,86,102,69, 
142,153,51,44,67,85,102,68, 
142,153,51,44,66,84,102,68, 
142,153,51,44,66,84,102,68, 
142,153,51,44,66,84,102,68, 
142,153,51,44,66,84,102,68, 
142,153,51,44,66,84,102,68, 
142,153,51,43,66,84,102,68, 
142,153,51,43,66,84,102,68, 
142,153,51,43,66,84,102,68, 
142,153,51,43,66,84,102,68, 
141,153,51,43,66,84,101,68, 
141,152,50,43,66,84,101,68, 
141,152,50,43,66,84,101,67, 
141,152,50,43,65,83,101,67, 
141,152,50,43,64,82,101,67, 
141,152,50,43,64,82,101,67, 
141,152,50,43,64,82,101,67, 
141,152,50,43,64,82,101,67, 
141,152,50,42,64,82,101,67, 
141,152,50,42,64,82,101,67, 
141,152,50,42,64,82,101,67, 
141,152,50,42,64,82,101,67, 
140,152,50,42,64,82,100,67, 
140,151,49,42,64,82,99,67, 
140,151,49,42,64,82,99,66, 
140,151,49,42,64,82,99,66, 
140,151,49,42,63,81,99,66, 
140,151,49,42,63,81,99,66, 
140,151,49,42,63,81,99,66, 
140,151,49,42,63,81,99,66, 
140,151,49,41,63,81,99,66, 
140,151,49,41,63,81,99,66, 
140,151,49,41,63,81,99,66, 
140,151,49,41,63,81,99,66, 
139,151,49,41,63,81,99,66, 
139,150,48,41,63,81,98,66, 
139,150,48,41,63,81,98,65, 
139,150,48,41,63,81,98,64, 
139,150,48,41,62,80,98,64, 
139,150,48,41,62,80,98,64, 
139,150,48,41,62,80,98,64, 
139,150,48,41,62,80,98,64, 
139,150,48,40,62,80,98,64, 
139,150,48,40,62,80,98,64, 
139,150,48,40,62,80,98,64, 
139,150,48,40,62,80,98,64, 
138,150,48,40,62,80,98,64, 
138,149,47,40,62,80,97,64, 
138,149,46,40,62,80,97,64, 
138,149,46,40,62,80,97,63, 
138,149,46,40,61,79,97,63, 
138,149,46,40,61,79,97,63, 
138,149,46,40,61,79,97,63, 
138,149,46,40,61,79,97,63, 
138,149,46,39,61,79,97,63, 
138,149,46,39,61,79,97,63, 
138,149,46,39,61,79,97,63, 
138,149,46,39,61,79,97,63, 
137,149,46,39,61,79,97,63, 
137,148,46,39,61,79,96,63, 
137,148,45,39,61,79,96,63, 
137,148,44,39,61,79,96,62, 
137,148,44,39,60,78,96,62, 
137,148,44,39,60,77,96,62, 
137,148,44,39,60,77,96,62, 
137,148,44,39,60,77,96,62, 
137,148,44,38,60,77,96,62, 
137,148,44,38,60,77,96,62, 
137,148,44,38,60,77,96,62, 
137,148,44,38,60,77,96,62, 
136,148,44,38,60,77,96,62, 
136,147,44,38,60,77,95,62, 
136,147,44,38,60,77,94,62, 
136,147,43,38,60,77,94,61, 
136,147,43,38,59,77,94,61, 
136,147,43,38,59,76,94,61, 
136,147,43,38,59,76,94,61, 
136,147,43,38,59,76,94,61, 
136,147,43,37,59,76,94,61, 
136,147,43,37,59,76,94,61, 
136,147,43,37,59,76,94,61, 
136,147,43,37,59,76,94,61, 
135,147,43,37,59,76,94,61, 
135,146,43,37,59,76,94,61, 
135,146,43,37,59,76,93,61, 
135,146,42,37,59,76,92,60, 
135,146,42,37,58,76,91,60, 
135,146,42,37,58,75,90,60, 
135,146,42,37,58,75,90,60, 
135,146,42,37,58,75,90,60, 
135,146,42,36,58,75,90,60, 
135,146,42,36,58,75,90,60, 
135,146,42,36,58,75,90,60, 
135,146,42,36,58,75,90,60, 
134,146,42,36,58,75,90,60, 
134,145,42,36,58,75,90,60, 
134,145,42,36,58,75,90,60, 
134,145,41,36,58,75,90,59, 
134,145,41,36,57,75,90,59, 
134,145,41,36,57,74,89,59, 
134,145,41,36,57,74,89,59, 
134,145,41,36,57,74,89,59, 
134,145,41,35,57,74,89,59, 
134,145,41,35,57,74,89,59, 
134,145,41,35,57,74,89,59, 
134,145,41,35,57,74,89,59, 
133,145,41,35,57,74,89,59, 
133,144,41,35,57,74,89,59, 
133,144,41,35,57,74,89,59, 
133,144,40,35,57,74,89,58, 
133,144,40,35,56,74,89,58, 
133,144,40,35,56,73,88,58, 
133,144,40,35,56,73,88,58, 
133,144,40,35,56,73,88,58, 
133,144,40,34,56,73,88,58, 
133,144,40,34,56,73,88,58, 
133,144,40,34,56,73,88,58, 
133,144,40,34,56,73,88,58, 
132,144,40,34,56,73,88,58, 
132,143,40,34,56,73,88,58, 
132,143,40,34,56,73,88,58, 
132,143,39,34,56,73,88,57, 
132,143,39,34,55,73,88,57, 
132,143,39,34,55,72,87,57, 
132,143,39,34,55,72,86,57, 
132,143,39,34,55,72,86,57, 
132,143,39,33,55,72,86,57, 
132,143,39,33,55,72,86,57, 
132,143,39,33,55,72,86,57, 
132,143,39,33,55,72,86,57, 
131,143,39,33,55,72,86,57, 
131,142,39,33,55,72,86,57, 
131,142,39,33,55,72,86,57, 
131,142,38,33,55,72,86,56, 
131,142,38,33,54,72,86,56, 
131,142,38,33,54,71,86,56, 
131,142,38,33,54,71,85,56, 
131,142,38,33,54,71,85,56, 
131,142,38,32,54,71,85,56, 
131,142,38,32,54,71,85,56, 
131,142,38,32,54,71,85,56, 
131,142,38,32,54,71,85,56, 
130,142,38,32,54,71,85,56, 
130,141,38,32,54,71,85,56, 
130,141,38,32,54,71,85,56, 
130,141,37,32,54,71,85,55, 
130,141,36,32,53,71,85,55, 
130,141,36,32,53,70,85,55, 
130,141,36,32,53,70,84,55, 
130,141,36,32,53,70,84,55, 
130,141,36,31,53,70,84,55, 
130,141,36,31,53,70,84,55, 
130,141,36,31,53,70,84,55, 
130,141,36,31,53,70,84,55, 
129,141,36,31,53,70,84,55, 
128,140,36,31,53,70,84,55, 
128,140,36,31,53,70,84,55, 
128,140,36,31,53,70,84,54, 
128,140,35,31,52,70,84,54, 
128,140,35,31,52,69,84,54, 
128,140,35,31,52,69,83,54, 
128,140,35,31,52,69,83,54, 
128,140,35,30,52,69,83,54, 
128,140,35,30,52,69,83,54, 
128,140,35,30,52,69,83,54, 
128,140,35,30,52,69,83,54, 
128,140,35,30,52,69,83,54, 
127,139,35,30,52,69,83,54, 
127,139,35,30,52,69,83,54, 
127,139,35,30,52,69,83,53, 
127,139,34,30,51,69,83,53, 
127,139,34,30,51,68,83,53, 
127,139,34,30,51,68,82,53, 
127,139,34,30,51,68,82,53, 
127,139,34,29,51,68,82,53, 
127,139,34,29,51,68,82,53, 
127,139,34,29,51,68,82,53, 
127,139,34,29,51,68,82,53, 
127,139,34,29,51,68,82,53, 
126,138,34,29,51,68,82,53, 
126,137,34,29,51,68,82,53, 
126,137,34,29,51,68,82,52, 
126,137,33,29,50,68,82,52, 
126,137,33,29,50,67,82,52, 
126,137,33,29,50,67,81,52, 
126,137,33,29,50,67,81,52, 
126,137,33,28,50,67,81,52, 
126,137,33,27,50,67,81,52, 
126,137,33,27,50,67,81,52, 
126,137,33,27,50,67,81,52, 
126,137,33,27,50,67,81,52, 
125,137,33,27,50,67,81,52, 
125,136,33,27,50,67,81,52, 
125,136,33,27,50,67,81,51, 
125,136,32,27,49,67,81,50, 
125,136,32,27,49,66,81,49, 
125,136,32,27,49,66,80,49, 
125,136,32,27,49,66,80,49, 
125,136,32,27,49,66,80,49, 
125,136,32,26,49,66,80,49, 
125,136,32,26,49,66,80,49, 
125,136,32,26,49,66,80,49, 
125,136,32,26,49,66,80,49, 
124,136,32,26,49,66,80,49, 
124,135,32,26,49,66,80,49, 
124,135,32,26,49,66,80,49, 
124,135,31,26,48,66,80,49, 
124,135,31,26,48,65,80,48, 
124,135,31,26,48,65,79,47, 
124,135,31,26,48,65,79,47, 
124,135,31,26,48,65,79,47, 
124,135,31,25,48,65,79,47, 
124,135,31,25,48,65,79,47, 
124,135,31,25,48,65,79,47, 
124,135,31,25,48,65,79,47, 
123,135,31,25,48,65,79,47, 
123,134,31,25,48,65,79,47, 
123,134,31,25,48,65,79,47, 
123,134,30,25,47,65,79,47, 
123,134,30,25,46,64,79,47, 
123,134,30,25,46,64,78,46, 
123,134,30,25,46,64,78,46, 
123,134,30,25,46,64,78,46, 
123,134,30,24,46,64,78,46, 
123,134,30,24,46,64,78,46, 
123,134,30,24,46,64,78,46, 
123,134,30,24,46,64,78,46, 
122,134,30,24,46,64,78,46, 
122,133,30,24,46,64,78,46, 
122,133,30,24,46,64,78,46, 
122,133,29,24,46,64,78,46, 
122,133,29,24,45,63,78,46, 
122,133,29,24,45,63,77,45, 
122,133,29,24,45,63,76,45, 
122,133,29,24,45,63,76,45, 
122,133,29,23,45,63,76,45, 
122,133,29,23,45,63,76,45, 
122,133,29,23,45,63,76,45, 
122,133,29,23,45,63,76,45, 
121,133,29,23,45,63,76,45, 
121,132,29,23,45,63,76,45, 
121,132,29,23,45,63,76,45, 
121,132,28,23,45,63,76,45, 
121,132,27,23,44,62,76,45, 
121,132,26,23,43,62,76,44, 
121,132,26,23,42,62,75,44, 
121,132,26,23,42,62,75,44, 
121,132,26,22,42,62,75,44, 
121,132,26,22,42,62,75,44, 
121,132,26,22,42,62,75,44, 
121,132,26,22,42,62,75,44, 
120,132,26,22,42,62,75,44, 
120,131,26,22,42,62,75,44, 
120,131,26,22,42,62,75,44, 
120,131,26,22,42,62,75,44, 
120,131,26,22,42,61,75,44, 
120,131,25,22,42,61,75,43, 
120,131,25,22,41,61,74,43, 
120,131,25,22,41,61,74,43, 
120,131,25,21,41,61,74,43, 
120,131,25,21,41,61,74,43, 
120,131,25,21,41,61,74,43, 
120,131,25,21,41,61,74,43, 
119,131,25,21,41,61,74,43, 
119,130,25,21,41,61,74,43, 
119,130,25,21,41,61,74,43, 
119,130,25,21,41,61,74,43, 
119,130,25,21,41,60,74,43, 
119,130,24,21,41,60,74,42, 
119,130,24,21,40,60,73,42, 
119,130,24,21,40,60,72,42, 
119,130,24,20,40,60,72,42, 
119,130,24,20,40,60,72,42, 
119,130,24,20,40,60,72,42, 
119,130,24,20,40,60,72,42, 
118,130,24,20,40,60,72,42, 
117,129,24,20,40,60,72,42, 
117,129,24,20,40,60,72,42, 
117,129,24,20,40,60,72,42, 
117,129,24,20,40,59,72,42, 
117,129,23,20,40,59,72,41, 
117,129,23,20,39,59,72,41, 
117,129,23,20,39,59,71,41, 
117,129,23,19,39,59,71,41, 
117,129,23,18,39,59,71,41, 
117,129,23,18,39,59,71,41, 
117,129,23,18,39,59,71,41, 
117,129,23,18,39,59,71,41, 
116,128,23,18,39,59,71,41, 
116,128,23,18,39,59,71,41, 
116,128,23,18,39,59,71,41, 
116,128,23,18,39,58,71,41, 
116,128,22,18,39,58,71,40, 
116,128,22,18,38,58,71,40, 
116,128,22,18,38,58,70,40, 
116,128,22,18,38,58,70,40, 
116,128,22,17,38,58,70,40, 
116,128,22,17,38,58,70,40, 
116,128,22,17,38,58,70,40, 
116,128,22,17,38,58,70,40, 
115,127,22,17,38,58,70,40, 
115,126,22,17,38,58,70,40, 
115,126,22,17,38,58,70,40, 
115,126,22,17,38,57,70,40, 
115,126,21,17,38,57,70,39, 
115,126,21,17,37,57,70,39, 
115,126,21,17,36,57,69,39, 
115,126,21,17,36,57,69,39, 
115,126,21,16,36,57,69,39, 
115,126,21,16,36,57,69,39, 
115,126,21,16,36,57,69,39, 
115,126,21,16,36,57,69,39, 
114,126,21,16,36,57,69,39, 
114,125,21,16,36,57,69,39, 
114,125,21,16,36,57,69,39, 
114,125,21,16,36,56,69,39, 
114,125,20,16,36,56,69,38, 
114,125,20,16,36,56,69,38, 
114,125,20,16,35,56,68,38, 
114,125,20,16,34,56,68,38, 
114,125,20,15,34,56,68,38, 
114,125,20,15,34,56,68,38, 
114,125,20,15,34,56,68,38, 
114,125,20,15,34,56,68,38, 
113,125,20,15,34,56,68,38, 
113,124,20,15,34,56,68,38, 
113,124,20,15,34,56,68,38, 
113,124,20,15,34,55,68,38, 
113,124,19,15,34,55,68,37, 
113,124,19,15,34,55,68,37, 
113,124,19,15,34,55,67,37, 
113,124,19,15,33,55,67,37, 
113,124,19,14,33,55,67,37, 
113,124,19,14,33,55,67,37, 
113,124,19,14,33,55,67,37, 
113,124,19,14,33,55,67,37, 
112,124,19,14,33,55,67,37, 
112,123,19,14,33,55,67,37, 
112,123,19,14,33,55,67,37, 
112,123,19,14,33,54,67,37, 
112,123,18,14,33,54,67,36, 
112,123,17,14,33,54,67,36, 
112,123,17,14,33,54,66,36, 
112,123,17,14,32,54,66,36, 
112,123,17,13,32,54,66,36, 
112,123,17,13,32,54,66,36, 
112,123,17,13,32,54,66,36, 
112,123,17,13,32,54,66,36, 
111,123,17,13,32,54,66,36, 
111,122,17,13,32,54,66,36, 
111,122,17,13,32,54,66,36, 
111,122,17,13,32,53,66,36, 
111,122,17,13,32,53,66,35, 
111,122,16,13,32,53,66,35, 
111,122,16,13,32,53,65,35, 
111,122,16,13,31,53,65,35, 
111,122,16,12,31,53,65,35, 
111,122,16,12,31,53,65,35, 
111,122,16,12,31,53,65,35, 
111,122,16,12,31,53,65,35, 
110,122,16,12,31,53,65,35, 
109,121,16,12,31,53,65,35, 
108,121,16,12,31,53,65,35, 
108,121,16,12,31,52,65,35, 
108,121,16,12,31,52,65,34, 
108,121,15,12,31,52,65,34, 
108,121,15,12,31,52,64,34, 
108,121,15,12,30,52,64,34, 
108,121,15,11,30,52,64,34, 
108,121,15,10,30,52,64,34, 
108,121,15,10,30,52,64,34, 
108,121,15,10,30,52,64,34, 
108,121,15,10,30,52,64,34, 
108,120,15,10,30,52,64,34, 
107,120,15,10,30,52,64,34, 
107,120,15,10,30,51,64,34, 
107,120,15,10,30,51,64,33, 
107,120,14,10,30,51,64,33, 
107,120,14,10,30,51,63,33, 
107,120,14,10,29,51,63,33, 
107,120,14,10,29,51,63,33, 
107,120,14,9,29,51,63,33, 
107,120,14,9,29,51,63,33, 
107,120,14,9,29,51,63,33, 
107,120,14,9,29,51,63,33, 
107,119,14,9,29,51,63,33, 
106,119,14,9,29,51,63,33, 
106,119,14,9,29,50,63,33, 
106,119,14,9,29,50,63,32, 
106,119,13,9,29,50,63,32, 
106,119,13,9,29,50,62,32, 
106,119,13,9,28,50,62,32, 
106,119,13,9,28,50,62,32, 
106,119,13,8,28,50,62,32, 
106,119,13,8,28,50,62,32, 
106,119,13,8,28,50,62,32, 
106,119,13,8,28,50,62,32, 
106,118,13,8,28,50,62,32, 
105,118,13,8,28,50,62,32, 
105,118,13,8,28,49,62,32, 
105,118,13,8,28,49,62,31, 
105,118,12,8,28,49,62,31, 
105,118,12,8,28,49,61,31, 
105,118,12,8,27,49,61,31, 
105,118,12,8,27,49,61,31, 
105,118,12,7,27,49,61,31, 
105,118,12,7,27,49,61,31, 
105,118,12,7,27,49,61,31, 
105,118,12,7,27,49,61,31, 
105,117,12,7,27,49,61,31, 
104,117,12,7,27,49,61,31, 
104,117,12,7,27,48,61,31, 
104,117,12,7,27,48,61,30, 
104,117,11,7,27,48,61,30, 
104,117,11,7,27,48,60,30, 
104,117,11,7,26,48,60,30, 
104,117,11,7,26,48,60,30, 
104,117,11,6,26,48,60,30, 
104,117,11,6,26,48,60,30, 
104,117,11,6,26,48,60,30, 
104,117,11,6,26,48,60,30, 
104,116,11,6,26,48,60,30, 
103,115,11,6,26,48,60,30, 
103,115,11,6,26,47,60,30, 
103,115,11,6,26,47,60,29, 
103,115,10,6,26,47,60,29, 
103,115,10,6,26,47,59,29, 
103,115,10,6,25,47,59,29, 
103,115,10,6,25,47,59,29, 
103,115,10,5,25,47,59,29, 
103,115,10,5,25,47,59,29, 
103,115,10,5,25,47,59,29, 
103,115,10,5,25,47,59,29, 
103,115,10,5,25,47,59,29, 
102,114,10,5,25,47,59,29, 
102,114,10,5,25,46,59,29, 
102,114,10,5,25,46,59,28, 
102,114,9,5,25,46,59,28, 
102,114,9,5,25,46,58,28, 
102,114,9,5,24,46,57,28, 
102,114,9,5,24,46,57,28, 
102,114,9,4,24,46,57,28, 
102,114,9,4,24,46,57,28, 
102,114,9,4,24,46,57,28, 
102,114,9,4,24,46,57,28, 
102,114,9,4,24,46,57,28, 
101,113,9,4,24,46,57,28, 
101,113,9,4,24,45,57,28, 
101,113,9,4,24,45,57,27, 
101,113,8,4,24,45,57,27, 
101,113,8,4,24,45,57,27, 
101,113,8,4,23,45,56,27, 
101,113,8,4,23,45,56,27, 
101,113,8,3,23,45,56,27, 
101,113,8,3,23,45,56,27, 
101,113,8,3,23,45,56,27, 
101,113,8,3,23,45,56,27, 
101,113,8,3,23,45,56,27, 
100,112,8,3,23,45,56,27, 
100,112,8,3,23,44,56,27, 
100,112,8,3,23,44,56,26, 
100,112,7,3,23,44,56,26, 
100,112,7,3,23,44,56,26, 
100,112,7,3,22,44,55,26, 
100,112,7,3,22,44,55,26, 
100,112,7,2,22,44,55,26, 
100,112,7,2,22,44,55,26, 
100,112,7,2,22,44,55,26, 
100,112,7,2,22,44,55,26, 
100,112,7,2,22,44,55,26, 
99,111,7,2,22,44,55,26, 
99,111,7,2,22,43,55,26, 
99,111,7,2,22,43,55,25, 
99,111,6,2,22,43,55,25, 
99,111,6,2,22,43,55,25, 
99,111,6,2,21,43,54,25, 
99,111,6,2,21,43,54,25, 
99,111,6,1,21,43,54,25, 
99,111,6,1,21,43,54,25, 
99,111,6,1,21,43,54,25, 
99,111,6,1,21,43,54,25, 
99,111,6,1,21,43,54,25, 
98,110,6,1,21,43,54,25, 
98,110,6,1,21,42,54,25, 
98,110,6,1,21,42,54,24, 
98,110,5,1,21,42,54,24, 
98,110,5,1,21,42,54,24, 
98,110,5,1,20,42,53,24, 
98,110,5,1,20,42,53,24, 
98,110,5,0,20,42,53,24, 
98,110,5,0,20,42,53,24, 
98,110,5,0,20,42,53,24, 
98,110,5,0,20,42,53,24, 
98,110,5,0,20,42,53,24, 
97,109,5,0,20,42,53,24, 
97,109,5,0,20,41,53,24, 
97,109,5,0,20,41,53,23, 
97,109,4,0,20,41,53,23, 
97,109,4,0,20,41,53,23, 
97,109,4,0,19,41,52,23, 
97,109,4,0,18,41,52,23, 
97,109,4,0,18,41,52,23, 
97,109,4,0,18,41,52,23, 
97,109,4,0,18,41,52,23, 
97,109,4,0,18,41,52,23, 
97,109,4,0,18,41,52,23, 
96,108,4,0,18,41,52,23, 
96,108,4,0,18,40,52,23, 
96,108,4,0,18,40,52,22, 
96,108,3,0,18,40,52,22, 
96,108,3,0,18,40,52,22, 
96,108,3,0,18,40,51,22, 
96,108,3,0,17,40,51,22, 
96,108,3,0,17,40,51,22, 
96,108,3,0,17,40,51,22, 
96,108,3,0,17,40,51,22, 
96,108,3,0,17,40,51,22, 
96,108,3,0,17,40,51,22, 
95,107,3,0,17,40,51,22, 
95,107,3,0,17,39,51,22, 
95,107,3,0,17,39,51,21, 
95,107,2,0,17,39,51,21, 
95,107,2,0,17,39,51,21, 
95,107,2,0,17,39,50,21, 
95,107,2,0,16,39,50,21, 
95,107,2,0,16,39,50,21, 
95,107,2,0,16,39,50,21, 
95,107,2,0,16,39,50,21, 
95,107,2,0,16,39,50,21, 
95,107,2,0,16,39,50,21, 
94,106,2,0,16,39,50,21, 
94,106,2,0,16,38,50,21, 
94,106,2,0,16,38,50,20, 
94,106,1,0,16,38,50,20, 
94,106,1,0,16,38,50,20, 
94,106,1,0,16,38,49,20, 
94,106,1,0,15,38,49,20, 
94,106,1,0,15,38,49,20, 
94,106,1,0,15,38,49,20, 
94,106,1,0,15,38,49,20, 
94,106,1,0,15,38,49,20, 
94,106,1,0,15,38,49,20, 
93,105,1,0,15,38,49,20, 
93,105,1,0,15,37,49,20, 
93,105,1,0,15,37,49,19, 
93,105,0,0,15,37,49,19, 
93,105,0,0,15,37,49,19, 
93,105,0,0,15,37,48,19, 
93,105,0,0,14,37,47,19, 
93,105,0,0,14,37,47,19, 
93,105,0,0,14,37,47,19, 
93,105,0,0,14,37,47,19, 
93,105,0,0,14,37,47,19, 
93,105,0,0,14,37,47,19, 
92,104,0,0,14,37,47,19, 
92,104,0,0,14,36,47,19, 
92,104,0,0,14,36,47,18, 
92,104,0,0,14,36,47,18, 
92,104,0,0,14,36,47,18, 
92,104,0,0,14,36,47,18, 
92,104,0,0,13,36,46,18, 
92,104,0,0,13,36,46,18, 
92,104,0,0,13,36,46,18, 
92,104,0,0,13,36,46,18, 
92,104,0,0,13,36,46,18, 
92,104,0,0,13,36,46,18, 
91,103,0,0,13,36,46,18, 
90,103,0,0,13,35,46,18, 
90,103,0,0,13,35,46,17, 
90,103,0,0,13,35,46,17, 
90,103,0,0,13,35,46,17, 
90,103,0,0,13,35,46,17, 
90,103,0,0,12,35,45,17, 
90,103,0,0,12,35,45,17, 
90,103,0,0,12,35,45,17, 
90,103,0,0,12,35,45,17, 
90,103,0,0,12,35,45,17, 
90,103,0,0,12,35,45,17, 
90,102,0,0,12,35,45,17, 
89,101,0,0,12,34,45,17, 
89,100,0,0,12,33,45,16, 
89,100,0,0,12,33,45,16, 
89,100,0,0,12,33,45,16, 
89,100,0,0,12,33,45,16, 
89,100,0,0,11,33,44,16, 
89,100,0,0,11,33,43,16, 
89,100,0,0,11,33,43,16, 
89,100,0,0,11,33,43,16, 
89,100,0,0,11,33,43,16, 
89,100,0,0,11,33,43,16, 
89,100,0,0,11,33,43,16, 
88,100,0,0,11,33,43,16, 
88,99,0,0,11,32,43,15, 
88,99,0,0,11,32,43,15, 
88,99,0,0,11,32,43,15, 
88,99,0,0,11,32,43,15, 
88,99,0,0,10,32,43,15, 
88,99,0,0,10,32,42,15, 
88,99,0,0,10,32,42,15, 
88,99,0,0,10,32,42,15, 
88,99,0,0,10,32,42,15, 
88,99,0,0,10,32,42,15, 
88,99,0,0,10,32,42,15, 
87,99,0,0,10,32,42,15, 
87,98,0,0,10,31,42,14, 
87,98,0,0,10,31,42,14, 
87,98,0,0,10,31,42,14, 
87,98,0,0,10,31,42,14, 
87,98,0,0,9,31,42,14, 
87,98,0,0,9,31,41,14, 
87,98,0,0,9,31,41,14, 
87,98,0,0,9,31,41,14, 
87,98,0,0,9,31,41,14, 
87,98,0,0,9,31,41,14, 
87,98,0,0,9,31,41,14, 
86,98,0,0,9,31,41,14, 
86,97,0,0,9,30,41,13, 
86,97,0,0,9,30,41,13, 
86,97,0,0,9,30,41,13, 
86,97,0,0,9,30,41,13, 
86,97,0,0,8,30,41,13, 
86,97,0,0,8,30,40,13, 
86,97,0,0,8,30,40,13, 
86,97,0,0,8,30,40,13, 
86,97,0,0,8,30,40,13, 
86,97,0,0,8,30,40,13, 
86,97,0,0,8,30,40,13, 
85,97,0,0,8,30,40,13, 
85,96,0,0,8,29,40,12, 
85,96,0,0,8,29,40,12, 
85,96,0,0,8,29,40,12, 
85,96,0,0,8,29,40,12, 
85,96,0,0,7,29,40,12, 
85,96,0,0,7,29,39,12, 
85,96,0,0,7,29,39,12, 
85,96,0,0,7,29,39,12, 
85,96,0,0,7,29,39,12, 
85,96,0,0,7,29,39,12, 
85,96,0,0,7,29,39,12, 
84,96,0,0,7,29,39,12, 
84,95,0,0,7,28,39,11, 
84,95,0,0,7,28,39,11, 
84,95,0,0,7,28,39,11, 
84,95,0,0,7,28,39,11, 
84,95,0,0,6,28,39,11, 
84,95,0,0,6,28,38,11, 
84,95,0,0,6,28,38,11, 
84,95,0,0,6,28,38,11, 
84,95,0,0,6,28,38,11, 
84,95,0,0,6,28,38,11, 
84,95,0,0,6,28,38,11, 
83,95,0,0,6,28,38,11, 
83,94,0,0,6,27,38,10, 
83,94,0,0,6,27,38,10, 
83,94,0,0,6,27,38,10, 
83,94,0,0,6,27,38,10, 
83,94,0,0,5,27,38,10, 
83,94,0,0,5,27,37,10, 
83,94,0,0,5,27,37,10, 
83,94,0,0,5,27,37,10, 
83,94,0,0,5,27,37,10, 
83,94,0,0,5,27,37,10, 
83,94,0,0,5,27,37,10, 
82,94,0,0,5,27,37,10, 
82,93,0,0,5,26,37,9, 
82,93,0,0,5,26,37,9, 
82,93,0,0,5,26,37,9, 
82,93,0,0,5,26,37,9, 
82,93,0,0,4,26,37,9, 
82,93,0,0,4,26,36,9, 
82,93,0,0,4,26,36,9, 
82,93,0,0,4,26,36,9, 
82,93,0,0,4,26,36,9, 
82,93,0,0,4,26,36,9, 
82,93,0,0,4,26,36,9, 
81,93,0,0,4,26,36,9, 
81,92,0,0,4,25,36,8, 
81,92,0,0,4,25,36,8, 
81,92,0,0,4,25,36,8, 
81,92,0,0,4,25,36,8, 
81,92,0,0,3,25,36,8, 
81,92,0,0,3,25,35,8, 
81,92,0,0,3,25,34,8, 
81,92,0,0,3,25,34,8, 
81,92,0,0,3,25,34,8, 
81,92,0,0,3,25,34,8, 
81,92,0,0,3,25,34,8, 
80,92,0,0,3,25,34,8, 
80,91,0,0,3,24,34,7, 
80,91,0,0,3,24,34,7, 
80,91,0,0,3,24,34,7, 
80,91,0,0,3,24,34,7, 
80,91,0,0,2,24,34,7, 
80,91,0,0,2,24,34,7, 
80,91,0,0,2,24,33,7, 
80,91,0,0,2,24,32,7, 
80,91,0,0,2,24,31,7, 
80,91,0,0,2,24,30,7, 
80,91,0,0,2,24,30,7, 
79,91,0,0,2,24,30,7, 
79,90,0,0,2,23,30,6, 
79,90,0,0,2,23,30,6, 
79,90,0,0,2,23,30,6, 
79,90,0,0,2,23,30,6, 
79,90,0,0,1,23,30,6, 
79,90,0,0,1,23,30,6, 
79,90,0,0,1,23,30,6, 
79,90,0,0,1,23,30,6, 
79,90,0,0,1,23,30,6, 
79,90,0,0,1,23,29,6, 
79,90,0,0,1,23,29,6, 
78,90,0,0,1,23,29,6, 
78,89,0,0,1,22,29,5, 
78,89,0,0,1,22,29,4, 
78,89,0,0,1,22,29,4, 
78,89,0,0,1,22,29,4, 
78,89,0,0,0,22,29,4, 
78,89,0,0,0,22,29,4, 
78,89,0,0,0,22,29,4, 
78,89,0,0,0,22,29,4, 
78,89,0,0,0,22,29,4, 
78,89,0,0,0,22,28,4, 
78,89,0,0,0,22,28,4, 
77,89,0,0,0,22,28,4, 
77,88,0,0,0,21,28,4, 
77,88,0,0,0,21,28,3, 
77,88,0,0,0,21,28,3, 
77,88,0,0,0,21,28,3, 
77,88,0,0,0,21,28,3, 
77,88,0,0,0,21,28,3, 
77,88,0,0,0,21,28,3, 
77,88,0,0,0,21,28,3, 
77,88,0,0,0,21,28,3, 
77,88,0,0,0,21,27,3, 
77,88,0,0,0,21,27,3, 
76,88,0,0,0,21,27,3, 
76,87,0,0,0,20,27,3, 
76,87,0,0,0,20,27,2, 
76,87,0,0,0,20,27,2, 
76,87,0,0,0,20,27,2, 
76,87,0,0,0,20,27,2, 
76,87,0,0,0,20,27,2, 
76,87,0,0,0,20,27,2, 
76,87,0,0,0,20,27,2, 
76,87,0,0,0,20,27,2, 
76,87,0,0,0,20,26,2, 
76,87,0,0,0,20,26,2, 
75,87,0,0,0,20,26,2, 
75,86,0,0,0,19,26,2, 
75,85,0,0,0,19,26,1, 
75,84,0,0,0,19,26,1, 
75,84,0,0,0,19,26,1, 
75,84,0,0,0,19,26,1, 
75,84,0,0,0,19,26,1, 
75,84,0,0,0,19,26,1, 
75,84,0,0,0,19,26,1, 
75,84,0,0,0,19,26,1, 
75,84,0,0,0,19,25,1, 
75,84,0,0,0,19,25,1, 
74,84,0,0,0,19,25,1, 
73,84,0,0,0,18,25,1, 
73,84,0,0,0,17,25,0, 
73,83,0,0,0,17,25,0, 
73,83,0,0,0,17,25,0, 
73,83,0,0,0,17,25,0, 
73,83,0,0,0,17,25,0, 
73,83,0,0,0,17,25,0, 
73,83,0,0,0,17,25,0, 
73,83,0,0,0,17,25,0, 
73,83,0,0,0,17,24,0, 
73,83,0,0,0,17,24,0, 
73,83,0,0,0,17,24,0, 
72,83,0,0,0,17,24,0, 
72,83,0,0,0,16,24,0, 
72,82,0,0,0,15,24,0, 
72,82,0,0,0,15,24,0, 
72,82,0,0,0,15,24,0, 
72,82,0,0,0,15,24,0, 
72,82,0,0,0,15,24,0, 
72,82,0,0,0,15,24,0, 
72,82,0,0,0,15,24,0, 
72,82,0,0,0,15,23,0, 
72,82,0,0,0,15,23,0, 
72,82,0,0,0,15,23,0, 
71,82,0,0,0,15,23,0, 
70,82,0,0,0,15,23,0, 
70,81,0,0,0,14,23,0, 
70,81,0,0,0,13,23,0, 
70,81,0,0,0,12,23,0, 
70,81,0,0,0,12,23,0, 
70,81,0,0,0,12,23,0, 
70,81,0,0,0,12,23,0, 
70,81,0,0,0,12,23,0, 
70,81,0,0,0,12,22,0, 
70,81,0,0,0,12,22,0, 
70,81,0,0,0,12,22,0, 
70,81,0,0,0,12,22,0, 
69,81,0,0,0,12,22,0, 
69,80,0,0,0,12,22,0, 
69,80,0,0,0,12,22,0, 
69,80,0,0,0,11,22,0, 
69,80,0,0,0,10,22,0, 
69,80,0,0,0,10,22,0, 
69,80,0,0,0,10,22,0, 
69,80,0,0,0,10,22,0, 
69,80,0,0,0,10,21,0, 
69,80,0,0,0,10,21,0, 
69,80,0,0,0,10,21,0, 
69,80,0,0,0,10,21,0, 
68,80,0,0,0,10,21,0, 
67,79,0,0,0,10,21,0, 
67,79,0,0,0,10,21,0, 
67,79,0,0,0,10,21,0, 
67,79,0,0,0,9,21,0, 
67,79,0,0,0,9,21,0, 
67,79,0,0,0,9,21,0, 
67,79,0,0,0,9,21,0, 
67,79,0,0,0,9,20,0, 
67,79,0,0,0,9,20,0, 
67,79,0,0,0,9,20,0, 
67,79,0,0,0,9,20,0, 
67,79,0,0,0,9,20,0, 
66,78,0,0,0,9,20,0, 
66,78,0,0,0,9,20,0, 
66,78,0,0,0,9,20,0, 
66,78,0,0,0,8,20,0, 
66,78,0,0,0,7,20,0, 
66,78,0,0,0,6,20,0, 
66,78,0,0,0,6,20,0, 
66,78,0,0,0,6,19,0, 
66,78,0,0,0,6,19,0, 
66,78,0,0,0,6,19,0, 
66,78,0,0,0,6,19,0, 
66,78,0,0,0,6,19,0, 
65,77,0,0,0,6,19,0, 
65,77,0,0,0,6,19,0, 
65,77,0,0,0,6,19,0, 
65,77,0,0,0,6,19,0, 
65,77,0,0,0,6,19,0, 
65,77,0,0,0,5,19,0, 
65,77,0,0,0,5,19,0, 
65,77,0,0,0,5,18,0, 
65,77,0,0,0,5,18,0, 
65,77,0,0,0,5,18,0, 
65,77,0,0,0,5,18,0, 
65,77,0,0,0,5,18,0, 
64,76,0,0,0,5,18,0, 
64,76,0,0,0,5,18,0, 
64,76,0,0,0,5,18,0, 
64,76,0,0,0,5,18,0, 
64,76,0,0,0,5,18,0, 
64,76,0,0,0,4,18,0, 
64,76,0,0,0,4,18,0, 
64,76,0,0,0,4,17,0, 
64,76,0,0,0,4,17,0, 
64,76,0,0,0,4,17,0, 
64,76,0,0,0,4,17,0, 
64,76,0,0,0,4,17,0, 
63,75,0,0,0,4,17,0, 
63,75,0,0,0,4,17,0, 
63,75,0,0,0,4,17,0, 
63,75,0,0,0,4,17,0, 
63,75,0,0,0,4,17,0, 
63,75,0,0,0,3,17,0, 
63,75,0,0,0,3,17,0, 
63,75,0,0,0,3,16,0, 
63,75,0,0,0,3,16,0, 
63,75,0,0,0,3,16,0, 
63,75,0,0,0,3,16,0, 
63,75,0,0,0,3,16,0, 
62,74,0,0,0,3,16,0, 
62,74,0,0,0,3,16,0, 
62,74,0,0,0,3,16,0, 
62,74,0,0,0,3,16,0, 
62,74,0,0,0,3,16,0, 
62,74,0,0,0,2,16,0, 
62,74,0,0,0,2,16,0, 
62,74,0,0,0,2,15,0, 
62,74,0,0,0,2,15,0, 
62,74,0,0,0,2,15,0, 
62,74,0,0,0,2,15,0, 
62,74,0,0,0,2,15,0, 
61,73,0,0,0,2,15,0, 
61,73,0,0,0,2,15,0, 
61,73,0,0,0,2,15,0, 
61,73,0,0,0,2,15,0, 
61,73,0,0,0,2,15,0, 
61,73,0,0,0,1,15,0, 
61,73,0,0,0,1,15,0, 
61,73,0,0,0,1,14,0, 
61,73,0,0,0,1,14,0, 
61,73,0,0,0,1,14,0, 
61,73,0,0,0,1,14,0, 
61,73,0,0,0,1,14,0, 
60,72,0,0,0,1,14,0, 
60,72,0,0,0,1,14,0, 
60,72,0,0,0,1,14,0, 
60,72,0,0,0,1,14,0, 
60,72,0,0,0,1,14,0, 
60,72,0,0,0,0,14,0, 
60,72,0,0,0,0,14,0, 
60,72,0,0,0,0,13,0, 
60,72,0,0,0,0,13,0, 
60,72,0,0,0,0,13,0, 
60,72,0,0,0,0,13,0, 
60,72,0,0,0,0,13,0, 
59,71,0,0,0,0,13,0, 
59,71,0,0,0,0,13,0, 
59,71,0,0,0,0,13,0, 
59,71,0,0,0,0,13,0, 
59,71,0,0,0,0,13,0, 
59,71,0,0,0,0,13,0, 
59,71,0,0,0,0,13,0, 
59,71,0,0,0,0,12,0, 
59,71,0,0,0,0,12,0, 
59,71,0,0,0,0,12,0, 
59,71,0,0,0,0,12,0, 
59,71,0,0,0,0,12,0, 
58,70,0,0,0,0,12,0, 
58,70,0,0,0,0,12,0, 
58,70,0,0,0,0,12,0, 
58,70,0,0,0,0,12,0, 
58,70,0,0,0,0,12,0, 
58,70,0,0,0,0,12,0, 
58,70,0,0,0,0,12,0, 
58,70,0,0,0,0,11,0, 
58,70,0,0,0,0,11,0, 
58,70,0,0,0,0,11,0, 
58,70,0,0,0,0,11,0, 
58,70,0,0,0,0,11,0, 
57,69,0,0,0,0,11,0, 
56,69,0,0,0,0,11,0, 
56,69,0,0,0,0,11,0, 
56,69,0,0,0,0,11,0, 
56,69,0,0,0,0,11,0, 
56,69,0,0,0,0,11,0, 
56,69,0,0,0,0,11,0, 
56,69,0,0,0,0,10,0, 
56,69,0,0,0,0,10,0, 
56,69,0,0,0,0,10,0, 
56,69,0,0,0,0,10,0, 
56,69,0,0,0,0,10,0, 
56,68,0,0,0,0,10,0, 
55,68,0,0,0,0,10,0, 
54,68,0,0,0,0,10,0, 
54,68,0,0,0,0,10,0, 
54,68,0,0,0,0,10,0, 
54,68,0,0,0,0,10,0, 
54,68,0,0,0,0,10,0, 
54,68,0,0,0,0,9,0, 
54,68,0,0,0,0,9,0, 
54,68,0,0,0,0,9,0, 
54,68,0,0,0,0,9,0, 
54,68,0,0,0,0,9,0, 
54,67,0,0,0,0,9,0, 
54,67,0,0,0,0,9,0, 
53,67,0,0,0,0,9,0, 
53,67,0,0,0,0,9,0, 
53,67,0,0,0,0,9,0, 
53,67,0,0,0,0,9,0, 
53,67,0,0,0,0,9,0, 
53,67,0,0,0,0,8,0, 
53,67,0,0,0,0,8,0, 
53,67,0,0,0,0,8,0, 
53,67,0,0,0,0,8,0, 
53,67,0,0,0,0,8,0, 
53,66,0,0,0,0,8,0, 
53,66,0,0,0,0,8,0, 
52,66,0,0,0,0,8,0, 
52,66,0,0,0,0,8,0, 
52,66,0,0,0,0,8,0, 
52,66,0,0,0,0,8,0, 
52,66,0,0,0,0,8,0, 
52,66,0,0,0,0,7,0, 
52,66,0,0,0,0,7,0, 
52,66,0,0,0,0,7,0, 
52,66,0,0,0,0,7,0, 
52,66,0,0,0,0,7,0, 
52,65,0,0,0,0,7,0, 
52,65,0,0,0,0,7,0, 
51,65,0,0,0,0,7,0, 
51,65,0,0,0,0,7,0, 
51,65,0,0,0,0,7,0, 
51,65,0,0,0,0,7,0, 
51,65,0,0,0,0,7,0, 
51,65,0,0,0,0,6,0, 
51,65,0,0,0,0,6,0, 
51,65,0,0,0,0,6,0, 
51,65,0,0,0,0,6,0, 
51,65,0,0,0,0,6,0, 
51,64,0,0,0,0,6,0, 
51,64,0,0,0,0,6,0, 
50,64,0,0,0,0,6,0, 
50,64,0,0,0,0,6,0, 
50,64,0,0,0,0,6,0, 
50,64,0,0,0,0,6,0, 
50,64,0,0,0,0,6,0, 
50,64,0,0,0,0,5,0, 
50,64,0,0,0,0,5,0, 
50,64,0,0,0,0,5,0, 
50,64,0,0,0,0,5,0, 
50,64,0,0,0,0,5,0, 
50,63,0,0,0,0,5,0, 
50,63,0,0,0,0,5,0, 
49,63,0,0,0,0,5,0, 
49,63,0,0,0,0,5,0, 
49,63,0,0,0,0,5,0, 
49,63,0,0,0,0,5,0, 
49,63,0,0,0,0,5,0, 
49,63,0,0,0,0,4,0, 
49,63,0,0,0,0,4,0, 
49,63,0,0,0,0,4,0, 
49,63,0,0,0,0,4,0, 
49,63,0,0,0,0,4,0, 
49,62,0,0,0,0,4,0, 
49,62,0,0,0,0,4,0, 
48,62,0,0,0,0,4,0, 
48,62,0,0,0,0,4,0, 
48,62,0,0,0,0,4,0, 
48,62,0,0,0,0,4,0, 
48,62,0,0,0,0,4,0, 
48,62,0,0,0,0,3,0, 
48,62,0,0,0,0,3,0, 
48,62,0,0,0,0,3,0, 
48,62,0,0,0,0,3,0, 
48,62,0,0,0,0,3,0, 
48,61,0,0,0,0,3,0, 
48,61,0,0,0,0,3,0, 
47,61,0,0,0,0,3,0, 
47,61,0,0,0,0,3,0, 
47,61,0,0,0,0,3,0, 
47,61,0,0,0,0,3,0, 
47,61,0,0,0,0,3,0, 
47,61,0,0,0,0,2,0, 
47,61,0,0,0,0,2,0, 
47,61,0,0,0,0,2,0, 
47,61,0,0,0,0,2,0, 
47,61,0,0,0,0,2,0, 
47,60,0,0,0,0,2,0, 
47,60,0,0,0,0,2,0, 
46,60,0,0,0,0,2,0, 
46,60,0,0,0,0,2,0, 
46,60,0,0,0,0,2,0, 
46,60,0,0,0,0,2,0, 
46,60,0,0,0,0,2,0, 
46,60,0,0,0,0,1,0, 
46,60,0,0,0,0,1,0, 
46,60,0,0,0,0,1,0, 
46,60,0,0,0,0,1,0, 
46,60,0,0,0,0,1,0, 
46,59,0,0,0,0,1,0, 
46,59,0,0,0,0,1,0, 
45,59,0,0,0,0,1,0, 
44,59,0,0,0,0,1,0, 
44,59,0,0,0,0,1,0, 
44,59,0,0,0,0,1,0, 
44,59,0,0,0,0,1,0, 
44,59,0,0,0,0,0,0, 
44,59,0,0,0,0,0,0, 
44,59,0,0,0,0,0,0, 
44,59,0,0,0,0,0,0, 
44,59,0,0,0,0,0,0, 
44,58,0,0,0,0,0,0, 
44,58,0,0,0,0,0,0, 
44,58,0,0,0,0,0,0, 
43,58,0,0,0,0,0,0, 
43,58,0,0,0,0,0,0, 
43,58,0,0,0,0,0,0, 
43,58,0,0,0,0,0,0, 
43,58,0,0,0,0,0,0, 
43,58,0,0,0,0,0,0, 
43,58,0,0,0,0,0,0, 
43,58,0,0,0,0,0,0, 
43,58,0,0,0,0,0,0, 
43,57,0,0,0,0,0,0, 
43,57,0,0,0,0,0,0, 
43,57,0,0,0,0,0,0, 
42,57,0,0,0,0,0,0, 
41,57,0,0,0,0,0,0, 
41,57,0,0,0,0,0,0, 
41,57,0,0,0,0,0,0, 
41,57,0,0,0,0,0,0, 
41,57,0,0,0,0,0,0, 
41,57,0,0,0,0,0,0, 
41,57,0,0,0,0,0,0, 
41,57,0,0,0,0,0,0, 
41,56,0,0,0,0,0,0, 
41,56,0,0,0,0,0,0, 
41,56,0,0,0,0,0,0, 
41,56,0,0,0,0,0,0, 
40,56,0,0,0,0,0,0, 
40,56,0,0,0,0,0,0, 
40,56,0,0,0,0,0,0, 
40,56,0,0,0,0,0,0, 
40,56,0,0,0,0,0,0, 
40,56,0,0,0,0,0,0, 
40,56,0,0,0,0,0,0, 
40,56,0,0,0,0,0,0, 
40,55,0,0,0,0,0,0, 
40,55,0,0,0,0,0,0, 
40,55,0,0,0,0,0,0, 
40,55,0,0,0,0,0,0, 
39,55,0,0,0,0,0,0, 
39,55,0,0,0,0,0,0, 
39,55,0,0,0,0,0,0, 
39,55,0,0,0,0,0,0, 
39,55,0,0,0,0,0,0, 
39,55,0,0,0,0,0,0, 
39,55,0,0,0,0,0,0, 
39,55,0,0,0,0,0,0, 
39,54,0,0,0,0,0,0, 
39,54,0,0,0,0,0,0, 
39,54,0,0,0,0,0,0, 
39,54,0,0,0,0,0,0, 
38,54,0,0,0,0,0,0, 
38,54,0,0,0,0,0,0, 
38,54,0,0,0,0,0,0, 
38,54,0,0,0,0,0,0, 
38,54,0,0,0,0,0,0, 
38,54,0,0,0,0,0,0, 
38,54,0,0,0,0,0,0, 
38,54,0,0,0,0,0,0, 
38,53,0,0,0,0,0,0, 
38,53,0,0,0,0,0,0, 
38,53,0,0,0,0,0,0, 
38,53,0,0,0,0,0,0, 
37,53,0,0,0,0,0,0, 
36,53,0,0,0,0,0,0, 
35,53,0,0,0,0,0,0, 
35,53,0,0,0,0,0,0, 
35,53,0,0,0,0,0,0, 
35,53,0,0,0,0,0,0, 
35,53,0,0,0,0,0,0, 
35,53,0,0,0,0,0,0, 
35,52,0,0,0,0,0,0, 
35,52,0,0,0,0,0,0, 
35,52,0,0,0,0,0,0, 
35,52,0,0,0,0,0,0, 
35,52,0,0,0,0,0,0, 
35,52,0,0,0,0,0,0, 
34,52,0,0,0,0,0,0, 
34,52,0,0,0,0,0,0, 
34,52,0,0,0,0,0,0, 
34,52,0,0,0,0,0,0, 
34,52,0,0,0,0,0,0, 
34,52,0,0,0,0,0,0, 
34,51,0,0,0,0,0,0, 
34,51,0,0,0,0,0,0, 
34,51,0,0,0,0,0,0, 
34,51,0,0,0,0,0,0, 
34,51,0,0,0,0,0,0, 
34,51,0,0,0,0,0,0, 
33,51,0,0,0,0,0,0, 
33,51,0,0,0,0,0,0, 
33,51,0,0,0,0,0,0, 
33,51,0,0,0,0,0,0, 
33,51,0,0,0,0,0,0, 
33,51,0,0,0,0,0,0, 
33,50,0,0,0,0,0,0, 
33,50,0,0,0,0,0,0, 
33,50,0,0,0,0,0,0, 
33,50,0,0,0,0,0,0, 
33,50,0,0,0,0,0,0, 
33,50,0,0,0,0,0,0, 
32,50,0,0,0,0,0,0, 
32,50,0,0,0,0,0,0, 
32,50,0,0,0,0,0,0, 
32,50,0,0,0,0,0,0, 
32,50,0,0,0,0,0,0, 
32,50,0,0,0,0,0,0, 
32,49,0,0,0,0,0,0, 
32,49,0,0,0,0,0,0, 
32,49,0,0,0,0,0,0, 
32,49,0,0,0,0,0,0, 
32,49,0,0,0,0,0,0, 
32,49,0,0,0,0,0,0, 
31,49,0,0,0,0,0,0, 
31,49,0,0,0,0,0,0, 
31,49,0,0,0,0,0,0, 
31,49,0,0,0,0,0,0, 
31,49,0,0,0,0,0,0, 
31,49,0,0,0,0,0,0, 
31,48,0,0,0,0,0,0, 
31,48,0,0,0,0,0,0, 
31,48,0,0,0,0,0,0, 
31,48,0,0,0,0,0,0, 
31,48,0,0,0,0,0,0, 
31,48,0,0,0,0,0,0, 
30,48,0,0,0,0,0,0, 
30,48,0,0,0,0,0,0, 
30,48,0,0,0,0,0,0, 
30,48,0,0,0,0,0,0, 
30,48,0,0,0,0,0,0, 
30,48,0,0,0,0,0,0, 
30,47,0,0,0,0,0,0, 
30,47,0,0,0,0,0,0, 
30,47,0,0,0,0,0,0, 
30,47,0,0,0,0,0,0, 
30,47,0,0,0,0,0,0, 
30,47,0,0,0,0,0,0, 
29,47,0,0,0,0,0,0, 
29,47,0,0,0,0,0,0, 
29,47,0,0,0,0,0,0, 
29,47,0,0,0,0,0,0, 
29,47,0,0,0,0,0,0, 
29,47,0,0,0,0,0,0, 
29,46,0,0,0,0,0,0, 
29,46,0,0,0,0,0,0, 
29,46,0,0,0,0,0,0, 
29,46,0,0,0,0,0,0, 
29,46,0,0,0,0,0,0, 
29,46,0,0,0,0,0,0, 
28,46,0,0,0,0,0,0, 
28,46,0,0,0,0,0,0, 
28,46,0,0,0,0,0,0, 
28,46,0,0,0,0,0,0, 
28,46,0,0,0,0,0,0, 
28,46,0,0,0,0,0,0, 
28,45,0,0,0,0,0,0, 
28,45,0,0,0,0,0,0, 
28,45,0,0,0,0,0,0, 
28,45,0,0,0,0,0,0, 
28,45,0,0,0,0,0,0, 
28,45,0,0,0,0,0,0, 
27,45,0,0,0,0,0,0, 
26,45,0,0,0,0,0,0, 
26,45,0,0,0,0,0,0, 
26,45,0,0,0,0,0,0, 
26,45,0,0,0,0,0,0, 
26,45,0,0,0,0,0,0, 
26,44,0,0,0,0,0,0, 
26,44,0,0,0,0,0,0, 
26,44,0,0,0,0,0,0, 
26,44,0,0,0,0,0,0, 
26,44,0,0,0,0,0,0, 
26,44,0,0,0,0,0,0, 
26,44,0,0,0,0,0,0, 
25,44,0,0,0,0,0,0, 
25,44,0,0,0,0,0,0, 
25,44,0,0,0,0,0,0, 
25,44,0,0,0,0,0,0, 
25,44,0,0,0,0,0,0, 
25,43,0,0,0,0,0,0, 
25,43,0,0,0,0,0,0, 
25,43,0,0,0,0,0,0, 
25,43,0,0,0,0,0,0, 
25,43,0,0,0,0,0,0, 
25,43,0,0,0,0,0,0, 
25,43,0,0,0,0,0,0, 
24,43,0,0,0,0,0,0, 
24,43,0,0,0,0,0,0, 
24,43,0,0,0,0,0,0, 
24,43,0,0,0,0,0,0, 
24,43,0,0,0,0,0,0, 
24,42,0,0,0,0,0,0, 
24,41,0,0,0,0,0,0, 
24,41,0,0,0,0,0,0, 
24,41,0,0,0,0,0,0, 
24,41,0,0,0,0,0,0, 
24,41,0,0,0,0,0,0, 
24,41,0,0,0,0,0,0, 
23,41,0,0,0,0,0,0, 
23,41,0,0,0,0,0,0, 
23,41,0,0,0,0,0,0, 
23,41,0,0,0,0,0,0, 
23,41,0,0,0,0,0,0, 
23,41,0,0,0,0,0,0, 
23,40,0,0,0,0,0,0, 
23,40,0,0,0,0,0,0, 
23,40,0,0,0,0,0,0, 
23,40,0,0,0,0,0,0, 
23,40,0,0,0,0,0,0, 
23,40,0,0,0,0,0,0, 
22,40,0,0,0,0,0,0, 
22,40,0,0,0,0,0,0, 
22,40,0,0,0,0,0,0, 
22,40,0,0,0,0,0,0, 
22,40,0,0,0,0,0,0, 
22,40,0,0,0,0,0,0, 
22,39,0,0,0,0,0,0, 
22,39,0,0,0,0,0,0, 
22,39,0,0,0,0,0,0, 
22,39,0,0,0,0,0,0, 
22,39,0,0,0,0,0,0, 
22,39,0,0,0,0,0,0, 
21,39,0,0,0,0,0,0, 
21,39,0,0,0,0,0,0, 
21,39,0,0,0,0,0,0, 
21,39,0,0,0,0,0,0, 
21,39,0,0,0,0,0,0, 
21,39,0,0,0,0,0,0, 
21,38,0,0,0,0,0,0, 
21,38,0,0,0,0,0,0, 
21,38,0,0,0,0,0,0, 
21,38,0,0,0,0,0,0, 
21,38,0,0,0,0,0,0, 
21,38,0,0,0,0,0,0, 
20,38,0,0,0,0,0,0, 
20,38,0,0,0,0,0,0, 
20,38,0,0,0,0,0,0, 
20,38,0,0,0,0,0,0, 
20,38,0,0,0,0,0,0, 
20,38,0,0,0,0,0,0, 
20,37,0,0,0,0,0,0, 
20,37,0,0,0,0,0,0, 
20,37,0,0,0,0,0,0, 
20,37,0,0,0,0,0,0, 
20,37,0,0,0,0,0,0, 
20,37,0,0,0,0,0,0, 
19,37,0,0,0,0,0,0, 
19,37,0,0,0,0,0,0, 
19,37,0,0,0,0,0,0, 
19,37,0,0,0,0,0,0, 
19,37,0,0,0,0,0,0, 
19,37,0,0,0,0,0,0, 
19,36,0,0,0,0,0,0, 
19,36,0,0,0,0,0,0, 
19,36,0,0,0,0,0,0, 
19,36,0,0,0,0,0,0, 
19,36,0,0,0,0,0,0, 
19,36,0,0,0,0,0,0, 
18,36,0,0,0,0,0,0, 
18,36,0,0,0,0,0,0, 
18,36,0,0,0,0,0,0, 
18,36,0,0,0,0,0,0, 
18,36,0,0,0,0,0,0, 
18,36,0,0,0,0,0,0, 
18,35,0,0,0,0,0,0, 
18,35,0,0,0,0,0,0, 
18,35,0,0,0,0,0,0, 
18,35,0,0,0,0,0,0, 
18,35,0,0,0,0,0,0, 
18,35,0,0,0,0,0,0, 
17,35,0,0,0,0,0,0, 
17,35,0,0,0,0,0,0, 
17,35,0,0,0,0,0,0, 
17,35,0,0,0,0,0,0, 
17,35,0,0,0,0,0,0, 
17,35,0,0,0,0,0,0, 
17,34,0,0,0,0,0,0, 
17,34,0,0,0,0,0,0, 
17,34,0,0,0,0,0,0, 
17,34,0,0,0,0,0,0, 
17,34,0,0,0,0,0,0, 
17,34,0,0,0,0,0,0, 
16,34,0,0,0,0,0,0, 
16,34,0,0,0,0,0,0, 
16,34,0,0,0,0,0,0, 
16,34,0,0,0,0,0,0, 
16,34,0,0,0,0,0,0, 
16,34,0,0,0,0,0,0, 
16,33,0,0,0,0,0,0, 
16,33,0,0,0,0,0,0, 
16,33,0,0,0,0,0,0, 
16,33,0,0,0,0,0,0, 
16,33,0,0,0,0,0,0, 
16,33,0,0,0,0,0,0, 
15,33,0,0,0,0,0,0, 
15,33,0,0,0,0,0,0, 
15,33,0,0,0,0,0,0, 
15,33,0,0,0,0,0,0, 
15,33,0,0,0,0,0,0, 
15,33,0,0,0,0,0,0, 
15,32,0,0,0,0,0,0, 
15,32,0,0,0,0,0,0, 
15,32,0,0,0,0,0,0, 
15,32,0,0,0,0,0,0, 
15,32,0,0,0,0,0,0, 
15,32,0,0,0,0,0,0, 
14,32,0,0,0,0,0,0, 
14,32,0,0,0,0,0,0, 
14,32,0,0,0,0,0,0, 
14,32,0,0,0,0,0,0, 
14,32,0,0,0,0,0,0, 
14,32,0,0,0,0,0,0, 
14,31,0,0,0,0,0,0, 
14,31,0,0,0,0,0,0, 
14,31,0,0,0,0,0,0, 
14,31,0,0,0,0,0,0, 
14,31,0,0,0,0,0,0, 
14,31,0,0,0,0,0,0, 
13,31,0,0,0,0,0,0, 
13,31,0,0,0,0,0,0, 
13,31,0,0,0,0,0,0, 
13,31,0,0,0,0,0,0, 
13,31,0,0,0,0,0,0, 
13,31,0,0,0,0,0,0, 
13,30,0,0,0,0,0,0, 
13,30,0,0,0,0,0,0, 
13,30,0,0,0,0,0,0, 
13,30,0,0,0,0,0,0, 
13,30,0,0,0,0,0,0, 
13,30,0,0,0,0,0,0, 
12,30,0,0,0,0,0,0, 
12,30,0,0,0,0,0,0, 
12,30,0,0,0,0,0,0, 
12,30,0,0,0,0,0,0, 
12,30,0,0,0,0,0,0, 
12,30,0,0,0,0,0,0, 
12,29,0,0,0,0,0,0, 
12,29,0,0,0,0,0,0, 
12,29,0,0,0,0,0,0, 
12,29,0,0,0,0,0,0, 
12,29,0,0,0,0,0,0, 
12,29,0,0,0,0,0,0, 
11,29,0,0,0,0,0,0, 
11,29,0,0,0,0,0,0, 
11,29,0,0,0,0,0,0, 
11,29,0,0,0,0,0,0, 
11,29,0,0,0,0,0,0, 
11,29,0,0,0,0,0,0, 
11,28,0,0,0,0,0,0, 
11,28,0,0,0,0,0,0, 
11,28,0,0,0,0,0,0, 
11,28,0,0,0,0,0,0, 
11,28,0,0,0,0,0,0, 
11,28,0,0,0,0,0,0, 
10,28,0,0,0,0,0,0, 
10,28,0,0,0,0,0,0, 
10,28,0,0,0,0,0,0, 
10,28,0,0,0,0,0,0, 
10,28,0,0,0,0,0,0, 
10,28,0,0,0,0,0,0, 
10,27,0,0,0,0,0,0, 
10,26,0,0,0,0,0,0, 
10,26,0,0,0,0,0,0, 
10,26,0,0,0,0,0,0, 
10,26,0,0,0,0,0,0, 
10,26,0,0,0,0,0,0, 
9,26,0,0,0,0,0,0, 
9,26,0,0,0,0,0,0, 
9,26,0,0,0,0,0,0, 
9,26,0,0,0,0,0,0, 
9,26,0,0,0,0,0,0, 
9,26,0,0,0,0,0,0, 
9,26,0,0,0,0,0,0, 
9,25,0,0,0,0,0,0, 
9,24,0,0,0,0,0,0, 
9,24,0,0,0,0,0,0, 
9,24,0,0,0,0,0,0, 
9,24,0,0,0,0,0,0, 
8,24,0,0,0,0,0,0, 
8,24,0,0,0,0,0,0, 
8,24,0,0,0,0,0,0, 
8,24,0,0,0,0,0,0, 
8,24,0,0,0,0,0,0, 
8,24,0,0,0,0,0,0, 
8,24,0,0,0,0,0,0, 
8,24,0,0,0,0,0,0, 
8,23,0,0,0,0,0,0, 
8,23,0,0,0,0,0,0, 
8,23,0,0,0,0,0,0, 
8,23,0,0,0,0,0,0, 
7,23,0,0,0,0,0,0, 
7,23,0,0,0,0,0,0, 
7,23,0,0,0,0,0,0, 
7,23,0,0,0,0,0,0, 
7,23,0,0,0,0,0,0, 
7,23,0,0,0,0,0,0, 
7,23,0,0,0,0,0,0, 
7,23,0,0,0,0,0,0, 
7,22,0,0,0,0,0,0, 
7,22,0,0,0,0,0,0, 
7,22,0,0,0,0,0,0, 
7,22,0,0,0,0,0,0, 
6,22,0,0,0,0,0,0, 
6,22,0,0,0,0,0,0, 
6,22,0,0,0,0,0,0, 
6,22,0,0,0,0,0,0, 
6,22,0,0,0,0,0,0, 
6,22,0,0,0,0,0,0, 
6,22,0,0,0,0,0,0, 
6,22,0,0,0,0,0,0, 
6,21,0,0,0,0,0,0, 
6,20,0,0,0,0,0,0, 
6,20,0,0,0,0,0,0, 
6,20,0,0,0,0,0,0, 
5,20,0,0,0,0,0,0, 
5,20,0,0,0,0,0,0, 
5,20,0,0,0,0,0,0, 
5,20,0,0,0,0,0,0, 
5,20,0,0,0,0,0,0, 
5,20,0,0,0,0,0,0, 
5,20,0,0,0,0,0,0, 
5,20,0,0,0,0,0,0, 
5,20,0,0,0,0,0,0, 
5,19,0,0,0,0,0,0, 
5,19,0,0,0,0,0,0, 
5,19,0,0,0,0,0,0, 
4,19,0,0,0,0,0,0, 
4,19,0,0,0,0,0,0, 
4,19,0,0,0,0,0,0, 
4,19,0,0,0,0,0,0, 
4,19,0,0,0,0,0,0, 
4,19,0,0,0,0,0,0, 
4,19,0,0,0,0,0,0, 
4,19,0,0,0,0,0,0, 
4,19,0,0,0,0,0,0, 
4,18,0,0,0,0,0,0, 
4,18,0,0,0,0,0,0, 
4,18,0,0,0,0,0,0, 
3,18,0,0,0,0,0,0, 
3,18,0,0,0,0,0,0, 
3,18,0,0,0,0,0,0, 
3,18,0,0,0,0,0,0, 
3,18,0,0,0,0,0,0, 
3,18,0,0,0,0,0,0, 
3,18,0,0,0,0,0,0, 
3,18,0,0,0,0,0,0, 
3,18,0,0,0,0,0,0, 
3,17,0,0,0,0,0,0, 
3,17,0,0,0,0,0,0, 
3,17,0,0,0,0,0,0, 
2,17,0,0,0,0,0,0, 
2,17,0,0,0,0,0,0, 
2,17,0,0,0,0,0,0, 
2,17,0,0,0,0,0,0, 
2,17,0,0,0,0,0,0, 
2,17,0,0,0,0,0,0, 
2,17,0,0,0,0,0,0, 
2,17,0,0,0,0,0,0, 
2,17,0,0,0,0,0,0, 
2,16,0,0,0,0,0,0, 
2,16,0,0,0,0,0,0, 
2,16,0,0,0,0,0,0, 
1,16,0,0,0,0,0,0, 
1,16,0,0,0,0,0,0, 
1,16,0,0,0,0,0,0, 
1,16,0,0,0,0,0,0, 
1,16,0,0,0,0,0,0, 
1,16,0,0,0,0,0,0, 
1,16,0,0,0,0,0,0, 
1,16,0,0,0,0,0,0, 
1,16,0,0,0,0,0,0, 
1,15,0,0,0,0,0,0, 
1,15,0,0,0,0,0,0, 
1,15,0,0,0,0,0,0, 
0,15,0,0,0,0,0,0, 
0,15,0,0,0,0,0,0, 
0,15,0,0,0,0,0,0, 
0,15,0,0,0,0,0,0, 
0,15,0,0,0,0,0,0, 
0,15,0,0,0,0,0,0, 
0,15,0,0,0,0,0,0, 
0,15,0,0,0,0,0,0, 
0,15,0,0,0,0,0,0, 
0,14,0,0,0,0,0,0, 
0,13,0,0,0,0,0,0, 
0,12,0,0,0,0,0,0, 
0,12,0,0,0,0,0,0, 
0,12,0,0,0,0,0,0, 
0,12,0,0,0,0,0,0, 
0,12,0,0,0,0,0,0, 
0,12,0,0,0,0,0,0, 
0,12,0,0,0,0,0,0, 
0,12,0,0,0,0,0,0, 
0,12,0,0,0,0,0,0, 
0,12,0,0,0,0,0,0, 
0,12,0,0,0,0,0,0, 
0,12,0,0,0,0,0,0, 
0,11,0,0,0,0,0,0, 
0,11,0,0,0,0,0,0, 
0,11,0,0,0,0,0,0, 
0,11,0,0,0,0,0,0, 
0,11,0,0,0,0,0,0, 
0,11,0,0,0,0,0,0, 
0,11,0,0,0,0,0,0, 
0,11,0,0,0,0,0,0, 
0,11,0,0,0,0,0,0, 
0,11,0,0,0,0,0,0, 
0,11,0,0,0,0,0,0, 
0,11,0,0,0,0,0,0, 
0,10,0,0,0,0,0,0, 
0,10,0,0,0,0,0,0, 
0,10,0,0,0,0,0,0, 
0,10,0,0,0,0,0,0, 
0,10,0,0,0,0,0,0, 
0,10,0,0,0,0,0,0, 
0,10,0,0,0,0,0,0, 
0,10,0,0,0,0,0,0, 
0,10,0,0,0,0,0,0, 
0,10,0,0,0,0,0,0, 
0,10,0,0,0,0,0,0, 
0,10,0,0,0,0,0,0, 
0,9,0,0,0,0,0,0, 
0,9,0,0,0,0,0,0, 
0,9,0,0,0,0,0,0, 
0,9,0,0,0,0,0,0, 
0,9,0,0,0,0,0,0, 
0,9,0,0,0,0,0,0, 
0,9,0,0,0,0,0,0, 
0,9,0,0,0,0,0,0, 
0,9,0,0,0,0,0,0, 
0,9,0,0,0,0,0,0, 
0,9,0,0,0,0,0,0, 
0,9,0,0,0,0,0,0, 
0,8,0,0,0,0,0,0, 
0,7,0,0,0,0,0,0, 
0,7,0,0,0,0,0,0, 
0,7,0,0,0,0,0,0, 
0,7,0,0,0,0,0,0, 
0,7,0,0,0,0,0,0, 
0,7,0,0,0,0,0,0, 
0,7,0,0,0,0,0,0, 
0,7,0,0,0,0,0,0, 
0,7,0,0,0,0,0,0, 
0,7,0,0,0,0,0,0, 
0,7,0,0,0,0,0,0, 
0,7,0,0,0,0,0,0, 
0,6,0,0,0,0,0,0, 
0,6,0,0,0,0,0,0, 
0,6,0,0,0,0,0,0, 
0,6,0,0,0,0,0,0, 
0,6,0,0,0,0,0,0, 
0,6,0,0,0,0,0,0, 
0,6,0,0,0,0,0,0, 
0,6,0,0,0,0,0,0, 
0,6,0,0,0,0,0,0, 
0,6,0,0,0,0,0,0, 
0,6,0,0,0,0,0,0, 
0,6,0,0,0,0,0,0, 
0,5,0,0,0,0,0,0, 
0,5,0,0,0,0,0,0, 
0,5,0,0,0,0,0,0, 
0,5,0,0,0,0,0,0, 
0,5,0,0,0,0,0,0, 
0,5,0,0,0,0,0,0, 
0,5,0,0,0,0,0,0, 
0,5,0,0,0,0,0,0, 
0,5,0,0,0,0,0,0, 
0,5,0,0,0,0,0,0, 
0,5,0,0,0,0,0,0, 
0,5,0,0,0,0,0,0, 
0,4,0,0,0,0,0,0, 
0,4,0,0,0,0,0,0, 
0,4,0,0,0,0,0,0, 
0,4,0,0,0,0,0,0, 
0,4,0,0,0,0,0,0, 
0,4,0,0,0,0,0,0, 
0,4,0,0,0,0,0,0, 
0,4,0,0,0,0,0,0, 
0,4,0,0,0,0,0,0, 
0,4,0,0,0,0,0,0, 
0,4,0,0,0,0,0,0, 
0,4,0,0,0,0,0,0, 
0,3,0,0,0,0,0,0, 
0,3,0,0,0,0,0,0, 
0,3,0,0,0,0,0,0, 
0,3,0,0,0,0,0,0, 
0,3,0,0,0,0,0,0, 
0,3,0,0,0,0,0,0, 
0,3,0,0,0,0,0,0, 
0,3,0,0,0,0,0,0, 
0,3,0,0,0,0,0,0, 
0,3,0,0,0,0,0,0, 
0,3,0,0,0,0,0,0, 
0,3,0,0,0,0,0,0, 
0,2,0,0,0,0,0,0, 
0,1,0,0,0,0,0,0, 
0,1,0,0,0,0,0,0, 
0,1,0,0,0,0,0,0, 
0,1,0,0,0,0,0,0, 
0,1,0,0,0,0,0,0, 
0,1,0,0,0,0,0,0, 
0,1,0,0,0,0,0,0, 
0,1,0,0,0,0,0,0, 
0,1,0,0,0,0,0,0, 
0,1,0,0,0,0,0,0, 
0,1,0,0,0,0,0,0, 
0,1,0,0,0,0,0,0, 
0,0,0,0,0,0,0,0, 
0,0,0,0,0,0,0,0, 
0,0,0,0,0,0,0,0, 